Player,Team,Pos,G,MP,G,MP,PER,TS%,eFG%,3PAr,FTr,ORB%,TRB%,AST%,STL%,BLK%,TOV%,USG%,ORtg,DRtg,,OWS,DWS,WS,WS/40
Lindsay Allen,CHI,G,40,950,40,950,12.0,.537,.498,.215,.233,1.5,4.8,26.1,1.7,0.6,20.7,14.3,104,109,,0.9,0.5,1.4,.059
Rebecca Allen,PHO,F-G,18,447,18,447,10.8,.518,.516,.559,.024,3.5,9.2,7.4,1.9,2.4,12.3,15.0,96,108,,0.0,0.3,0.3,.029
Laeticia Amihere,ATL,F,16,83,16,83,3.5,.284,.269,.000,.654,16.0,18.6,6.0,1.3,3.3,19.3,22.6,65,102,,-0.4,0.1,-0.3,-0.155
Ariel Atkins,WAS,G,40,1196,40,1196,15.9,.552,.516,.445,.199,3.5,6.8,19.2,2.5,1.3,14.5,24.0,102,104,,1.4,1.4,2.8,.093
Amy Atwell,PHO,F,6,59,6,59,8.3,.436,.367,.867,.333,6.1,5.9,15.5,0.0,1.5,10.4,14.9,101,116,,0.0,0.0,0.0,.002
Shakira Austin,WAS,C-F,12,239,12,239,17.5,.487,.434,.033,.446,10.3,20.6,9.1,3.2,4.3,16.7,33.0,88,95,,-0.4,0.6,0.2,.030
Kierstan Bell,LVA,F,6,43,6,43,11.5,.504,.500,.500,.125,2.8,8.1,18.4,0.0,0.0,5.6,19.2,106,107,,0.1,0.0,0.1,.089
Grace Berger,IND,G,11,102,11,102,7.4,.497,.440,.200,.560,4.7,8.6,10.1,2.5,0.0,24.3,17.9,88,110,,-0.1,0.0,-0.1,-0.029
Caitlin Bickle,CON,F,8,15,8,15,-10.1,.000,.000,1.000,.000,0.0,0.0,0.0,0.0,0.0,0.0,9.2,0,107,,-0.1,0.0,-0.1,-0.190
DeWanna Bonner,CON,F-G,40,1271,40,1271,16.8,.523,.471,.385,.279,2.1,11.6,11.2,2.0,2.0,8.9,22.9,104,96,,1.8,3.1,4.9,.154
Aliyah Boston,IND,F-C,40,1236,40,1236,20.4,.566,.537,.058,.247,10.7,16.8,17.3,1.4,3.5,13.8,20.6,114,107,,3.6,0.9,4.5,.147
Cameron Brink,LAS,F,15,330,15,330,12.7,.496,.447,.301,.243,6.6,14.6,13.2,2.4,8.9,23.0,20.0,87,99,,-0.4,0.6,0.2,.022
Jaelyn Brown,DAL,G-F,14,141,14,141,7.7,.572,.581,.387,.097,5.8,8.9,6.3,1.4,2.4,27.1,13.5,90,115,,-0.1,-0.1,-0.1,-0.040
Jakia Brown-Turner,WAS,G,2,8,2,8,15.3,.532,.000,.000,2.000,0.0,7.5,0.0,6.3,0.0,0.0,10.7,123,95,,0.0,0.0,0.0,.182
Kalani Brown,DAL,C,38,512,38,512,16.7,.606,.582,.019,.373,9.8,13.8,13.3,0.6,3.7,20.0,19.3,108,115,,1.0,-0.2,0.7,.057
Lexie Brown,LAS,G,16,379,16,379,9.3,.451,.401,.527,.206,0.3,5.9,23.7,2.3,0.5,17.8,20.5,88,109,,-0.5,0.2,-0.3,-0.031
Kennedy Burke,NYL,G-F,38,459,38,459,9.8,.477,.466,.439,.091,3.6,7.3,11.0,2.7,2.0,16.4,16.1,91,98,,-0.2,0.9,0.7,.064
Rae Burrell,LAS,G-F,37,579,37,579,12.6,.531,.436,.442,.613,4.4,7.1,12.1,2.5,1.6,15.2,18.8,102,108,,0.5,0.3,0.9,.062
Veronica Burton,CON,G,31,392,31,392,13.7,.544,.451,.514,.514,4.0,6.9,22.4,1.9,1.7,14.5,12.2,118,99,,0.9,0.8,1.7,.172
Maya Caldwell,ATL,G,25,404,25,404,10.7,.498,.476,.400,.120,5.5,6.4,11.9,1.9,1.1,14.9,17.3,96,105,,0.0,0.4,0.4,.042
Jordin Canada,ATL,G,20,624,20,624,14.8,.504,.435,.322,.412,2.1,6.3,32.2,2.7,0.7,16.7,18.2,104,103,,0.8,0.8,1.6,.102
Emma Cannon,LVA,F,5,9,5,9,15.8,.667,.667,.333,.000,0.0,12.8,20.3,0.0,0.0,25.0,20.5,98,105,,0.0,0.0,0.0,.059
Kamilla Cardoso,CHI,C,32,876,32,876,17.5,.561,.521,.000,.347,11.9,16.5,10.3,1.0,4.6,14.9,16.4,111,104,,1.8,1.0,2.8,.130
Bridget Carleton,MIN,F,39,1166,39,1166,13.5,.620,.604,.722,.134,3.8,7.3,11.7,1.7,0.9,11.7,13.5,117,100,,2.5,2.1,4.5,.156
DiJonai Carrington,CON,G-F,39,1156,39,1156,14.1,.498,.434,.242,.366,5.6,10.5,9.1,2.8,1.4,12.9,22.9,97,96,,0.4,2.8,3.2,.112
Chennedy Carter,CHI,G,33,858,33,858,21.2,.530,.496,.063,.258,2.8,7.8,25.6,2.1,0.6,9.2,30.6,107,106,,2.1,0.7,2.8,.133
Jessika Carter,LVA,C,2,4,2,4,-21.0,.000,.000,.000,2.000,0.0,0.0,0.0,0.0,0.0,0.0,21.7,0,111,,-0.1,0.0,-0.1,-0.578
Tina Charles,ATL,C,39,1160,39,1160,19.5,.501,.466,.079,.201,9.3,18.4,16.0,1.6,1.6,9.5,25.0,103,100,,1.7,2.0,3.7,.128
Layshia Clarendon,LAS,G,21,335,21,335,10.6,.535,.473,.267,.307,2.2,6.8,26.7,2.3,0.3,22.7,14.7,101,109,,0.2,0.1,0.4,.046
Alysha Clark,LVA,F,40,972,40,972,9.1,.587,.565,.656,.146,2.6,8.6,10.5,1.7,1.0,21.2,12.3,100,103,,0.5,1.3,1.8,.074
Caitlin Clark,IND,G,40,1416,40,1416,18.8,.583,.522,.612,.310,1.2,9.4,39.1,1.9,1.7,25.3,27.7,103,109,,2.3,0.7,3.0,.086
Natasha Cloud,PHO,G,38,1265,38,1265,14.2,.508,.454,.373,.285,1.7,7.1,34.5,2.2,1.6,21.1,19.8,100,108,,1.0,0.6,1.6,.051
Nia Coffey,ATL,F,40,532,40,532,7.3,.413,.385,.446,.142,4.0,10.2,14.5,1.2,4.5,20.3,16.8,80,102,,-1.0,0.8,-0.2,-0.018
Napheesa Collier,MIN,F,34,1180,34,1180,25.1,.565,.520,.183,.290,7.8,16.2,18.8,2.8,3.6,10.2,26.8,112,91,,3.7,3.7,7.4,.250
Sydney Colson,LVA,G,31,248,31,248,12.4,.559,.531,.578,.141,0.5,3.3,18.3,3.0,1.7,17.1,15.2,103,101,,0.2,0.4,0.6,.100
Zia Cooke,LAS,G,29,257,29,257,5.1,.413,.371,.330,.259,1.4,4.2,11.8,1.8,1.0,14.4,25.3,78,111,,-0.8,0.0,-0.8,-0.120
Kahleah Copper,PHO,G-F,37,1197,37,1197,16.4,.544,.490,.350,.330,2.4,8.2,14.2,1.2,0.2,13.3,31.8,99,111,,0.9,0.2,1.1,.037
Lorela Cubaj,ATL,F-C,28,221,28,221,6.9,.444,.429,.000,.143,9.5,10.6,10.9,2.1,0.8,24.4,10.1,92,104,,-0.1,0.3,0.2,.037
Sophie Cunningham,PHO,G,40,1110,40,1110,12.7,.618,.571,.750,.288,1.7,8.2,11.3,1.9,0.8,12.3,12.8,116,109,,2.2,0.5,2.7,.097
Damiris Dantas,IND,F,20,210,20,210,13.7,.561,.547,.446,.162,2.3,12.0,9.3,1.2,2.1,13.1,19.3,103,109,,0.2,0.1,0.3,.059
Kaela Davis,CHI,F,4,52,4,52,2.4,.436,.417,.167,.333,2.1,4.4,2.9,1.0,3.4,22.5,15.0,74,109,,-0.1,0.0,-0.1,-0.074
Marquesha Davis,NYL,G,20,80,20,80,8.3,.478,.432,.045,.318,3.0,7.2,7.6,0.6,4.3,10.7,15.8,97,101,,0.0,0.1,0.2,.076
Diamond DeShields,CHI,G,32,441,32,441,7.0,.404,.376,.323,.224,1.7,5.9,15.8,2.3,1.6,14.1,20.5,83,106,,-0.8,0.4,-0.4,-0.035
Skylar Diggins-Smith,SEA,G,40,1262,40,1262,18.6,.525,.466,.263,.294,2.5,4.7,34.0,2.7,2.5,16.0,23.9,105,100,,2.2,2.1,4.3,.138
Liz Dixon,PHO,F,17,160,17,160,9.9,.449,.379,.000,.345,10.5,14.9,8.6,0.3,5.1,19.3,11.9,97,108,,0.0,0.1,0.1,.029
Ivana Dojkić,NYL,G,26,257,26,257,9.4,.507,.446,.568,.365,4.2,4.9,11.6,1.8,0.3,14.0,17.5,102,103,,0.2,0.4,0.6,.089
Stefanie Dolson,WAS,C,39,1011,39,1011,13.7,.621,.604,.554,.150,3.8,11.4,17.3,1.1,1.7,18.6,16.4,108,104,,1.6,1.1,2.7,.107
Aaliyah Edwards,WAS,F,34,741,34,741,13.4,.526,.490,.033,.381,7.6,15.4,11.1,1.7,3.4,16.9,18.1,99,101,,0.3,1.2,1.6,.085
Emily Engstler,WAS,F,32,464,32,464,21.7,.598,.577,.368,.142,11.1,16.5,18.2,2.1,4.9,11.8,18.2,118,99,,1.5,0.9,2.3,.202
Olivia Époupa,MIN,G,17,114,17,114,11.2,.415,.375,.000,.125,6.4,9.7,32.9,6.3,0.0,47.1,12.9,84,90,,-0.2,0.4,0.2,.079
Dana Evans,CHI,G,39,743,39,743,11.4,.509,.458,.433,.198,0.7,3.3,20.6,1.8,0.6,16.2,19.3,99,109,,0.4,0.3,0.7,.040
Temi Fagbenle,IND,C,22,415,22,415,12.6,.554,.518,.105,.246,8.9,14.7,7.5,1.3,3.2,17.6,16.4,104,108,,0.4,0.2,0.7,.067
Dyaisha Fair,LVA,G,1,4,1,4,-2.7,.000,.000,.500,.000,0.0,0.0,64.9,0.0,0.0,0.0,23.1,53,111,,0.0,0.0,0.0,-0.333
Dulcy Fankam Mendjiadeu,SEA,F-C,7,36,7,36,4.3,.532,.667,.000,2.000,12.5,14.2,3.9,0.0,0.0,34.7,10.5,88,105,,0.0,0.0,0.0,.011
Leonie Fiebich,NYL,F,40,837,40,837,13.7,.624,.613,.626,.123,5.5,8.4,12.8,2.3,0.7,16.1,13.7,115,100,,1.7,1.5,3.3,.155
Kysre Gondrezick,CHI,G,5,16,5,16,10.6,.357,.357,.857,.000,6.8,7.1,20.2,12.8,0.0,30.0,27.4,64,85,,-0.1,0.1,0.0,-0.101
Allisha Gray,ATL,G,40,1330,40,1330,16.0,.526,.471,.397,.365,3.7,7.5,15.1,1.6,2.0,10.2,22.4,106,104,,2.2,1.5,3.8,.113
Chelsea Gray,LVA,G,27,702,27,702,14.0,.513,.471,.374,.233,0.8,6.5,28.9,2.4,2.3,22.0,19.1,97,101,,0.2,1.2,1.3,.074
Brittney Griner,PHO,C,30,861,30,861,26.0,.625,.591,.048,.296,7.5,13.3,17.1,1.0,4.8,11.0,25.6,117,107,,3.4,0.6,4.0,.187
Megan Gustafson,LVA,C,38,405,38,405,12.7,.621,.604,.538,.160,6.8,10.4,3.5,1.6,1.0,11.0,14.5,114,103,,0.8,0.5,1.4,.134
Dearica Hamby,LAS,F,40,1346,40,1346,19.2,.566,.541,.168,.379,5.4,16.5,20.6,2.6,0.5,16.2,24.1,103,104,,1.9,1.5,3.4,.101
Isabelle Harrison,CHI,F,36,587,36,587,11.9,.450,.405,.076,.210,7.0,13.7,7.9,1.7,1.8,13.0,22.3,91,104,,-0.4,0.6,0.2,.016
Mikiah Herbert Harrigan,PHO,F,31,336,31,336,10.7,.522,.512,.612,.235,5.4,7.8,4.3,2.4,3.0,13.8,14.9,96,108,,0.0,0.2,0.2,.029
Tyasha Harris,CON,G,39,1125,39,1125,13.3,.546,.513,.446,.226,1.1,3.8,17.7,1.9,1.1,12.6,17.6,106,100,,1.6,2.0,3.6,.127
Tiffany Hayes,LVA,G,33,708,33,708,17.9,.609,.575,.373,.382,4.5,7.5,15.9,1.8,1.1,9.8,18.6,119,104,,2.3,0.9,3.2,.182
Destanni Henderson,ATL,G,6,105,6,105,4.0,.374,.362,.345,.241,0.0,6.5,24.1,1.0,0.9,23.8,18.1,72,106,,-0.3,0.1,-0.3,-0.096
Natisha Hiedeman,MIN,G,40,607,40,607,11.5,.469,.440,.427,.177,3.0,5.9,25.0,2.7,0.9,17.5,19.1,95,98,,0.0,1.2,1.2,.080
Naz Hillmon,ATL,F,40,868,40,868,14.3,.600,.555,.018,.387,8.2,12.7,10.2,1.7,1.2,16.6,11.9,115,103,,1.6,1.1,2.7,.126
Joyner Holmes,SEA,F,27,231,27,231,10.5,.477,.462,.397,.141,6.8,12.1,17.2,1.3,2.2,20.2,19.8,90,100,,-0.2,0.4,0.2,.034
Jordan Horston,SEA,F,39,871,39,871,13.5,.545,.522,.231,.191,6.1,11.0,12.3,2.9,2.6,21.3,15.6,97,97,,0.2,1.9,2.1,.096
Natasha Howard,DAL,F,27,825,27,825,18.1,.510,.470,.134,.302,7.5,13.1,17.0,2.1,2.2,14.1,28.1,100,112,,0.9,-0.1,0.8,.039
Rhyne Howard,ATL,G,30,1018,30,1018,17.6,.510,.460,.540,.298,2.7,7.3,17.8,2.8,1.7,9.1,24.9,103,102,,1.5,1.5,3.0,.119
Lexie Hull,IND,G,34,671,34,671,10.6,.604,.563,.515,.301,5.9,7.3,7.8,1.6,1.5,15.8,12.1,115,111,,1.2,0.0,1.2,.074
Sabrina Ionescu,NYL,G,38,1221,38,1221,19.5,.524,.482,.530,.194,2.7,8.0,33.6,1.6,0.9,13.6,28.1,106,101,,2.9,2.0,4.9,.160
Rickea Jackson,LAS,F,40,1152,40,1152,13.8,.547,.505,.282,.260,5.3,8.1,9.7,1.2,1.1,13.4,21.9,101,111,,1.0,0.1,1.1,.039
Brionna Jones,CON,F,40,1087,40,1087,21.2,.582,.542,.034,.355,9.6,12.6,10.5,2.2,2.0,9.8,22.2,115,96,,3.6,2.5,6.1,.223
Haley Jones,ATL,F-G,40,712,40,712,5.1,.465,.418,.192,.322,1.6,7.1,19.4,1.0,1.4,29.0,14.9,81,106,,-1.2,0.7,-0.6,-0.032
Jonquel Jones,NYL,C,39,1164,39,1164,21.5,.646,.616,.395,.272,6.8,17.4,18.3,1.3,3.7,17.7,20.1,116,95,,3.6,2.9,6.5,.224
Dorka Juhász,MIN,F,34,548,34,548,13.4,.530,.517,.236,.139,7.1,13.7,10.6,1.4,2.1,12.1,14.6,106,97,,0.6,1.2,1.9,.138
Ezinne Kalu,ATL,,1,13,1,13,3.4,.436,.333,.333,.333,0.0,4.4,0.0,4.0,0.0,0.0,12.0,97,101,,0.0,0.0,0.0,.072
Betnijah Laney,NYL,G-F,28,848,28,848,13.8,.575,.534,.388,.202,4.2,8.0,17.5,1.9,0.1,18.7,18.7,105,101,,1.2,1.4,2.6,.121
Lou Lopez Sénéchal,DAL,G,27,125,27,125,2.2,.350,.338,.441,.118,2.8,5.2,11.4,1.2,0.0,14.4,14.3,79,118,,-0.2,-0.1,-0.3,-0.109
Jewell Loyd,SEA,G,37,1246,37,1246,17.3,.497,.408,.346,.405,2.3,7.6,18.3,2.1,0.6,10.3,28.8,101,101,,1.6,1.9,3.6,.114
Natasha Mack,PHO,F,40,619,40,619,18.2,.578,.573,.024,.153,11.6,18.7,11.7,2.2,6.9,17.5,11.9,115,101,,1.2,1.0,2.2,.145
Ezi Magbegor,SEA,F-C,37,1136,37,1136,19.2,.578,.531,.158,.259,8.2,14.8,10.5,1.8,6.2,12.4,16.5,114,96,,2.7,2.7,5.4,.191
Kate Martin,LVA,G,34,392,34,392,6.4,.466,.432,.705,.136,1.8,7.9,10.9,0.9,1.7,18.4,13.4,88,104,,-0.3,0.4,0.2,.016
Kayla McBride,MIN,G,39,1237,39,1237,16.8,.611,.547,.623,.360,1.4,4.7,16.8,2.0,0.1,14.1,20.8,112,101,,3.2,2.1,5.2,.169
Teaira McCowan,DAL,C,39,987,39,987,20.5,.607,.571,.012,.384,13.2,19.0,10.3,1.8,3.0,17.1,19.8,113,111,,2.7,0.1,2.8,.115
Aari McDonald,LAS,G,26,568,26,568,13.8,.529,.479,.476,.267,2.5,5.5,29.9,2.0,0.9,18.4,20.5,101,110,,0.5,0.2,0.7,.049
Jade Melbourne,WAS,G,37,523,37,523,9.6,.530,.494,.337,.295,2.9,6.3,19.0,2.3,0.9,24.8,21.6,88,105,,-0.6,0.6,0.0,-0.004
Diamond Miller,MIN,F,21,213,21,213,3.1,.383,.341,.377,.348,5.1,10.1,9.4,1.7,0.4,19.3,21.4,74,99,,-0.7,0.4,-0.3,-0.057
Kelsey Mitchell,IND,G,40,1280,40,1280,18.2,.588,.559,.450,.188,2.5,4.5,9.9,1.1,0.5,8.9,24.9,112,114,,3.7,-0.5,3.2,.101
Tiffany Mitchell,CON,G,24,391,24,391,7.9,.457,.376,.220,.422,3.4,5.8,7.7,1.5,0.2,10.4,17.0,95,101,,0.0,0.6,0.6,.064
Nika Mühl,SEA,G,16,57,16,57,-3.2,.071,.071,.786,.000,11.8,10.0,16.3,1.8,0.0,22.2,13.9,51,104,,-0.3,0.1,-0.2,-0.162
Astou Ndour-Fall,CON,C-F,22,92,22,92,6.8,.436,.385,.385,.231,2.6,12.1,1.7,0.6,4.1,9.5,15.9,87,97,,-0.1,0.2,0.1,.053
Olivia Nelson-Ododa,CON,C,37,436,37,436,10.6,.534,.495,.000,.414,8.4,13.2,3.0,1.7,4.6,19.9,15.5,95,95,,0.0,1.1,1.1,.100
Kia Nurse,LAS,G,40,810,40,810,9.0,.525,.489,.608,.221,2.5,4.8,11.4,1.2,0.1,14.5,18.6,96,113,,0.1,-0.1,0.0,.001
Arike Ogunbowale,DAL,G,38,1466,38,1466,18.6,.520,.460,.444,.261,2.3,7.0,22.4,2.8,0.6,11.2,26.8,108,114,,3.7,-0.4,3.3,.089
Nneka Ogwumike,SEA,F,37,1178,37,1178,22.6,.578,.542,.150,.197,6.6,13.6,13.1,3.0,1.5,8.5,21.8,115,96,,3.7,2.7,6.4,.217
Michaela Onyenwere,CHI,F,34,636,34,636,8.4,.491,.474,.321,.193,3.2,5.5,8.6,1.5,1.7,15.7,18.8,91,108,,-0.3,0.3,0.0,.000
Charisma Osborne,PHO,G,2,10,2,10,-3.5,.500,.500,.000,.000,0.0,5.8,16.1,0.0,0.0,50.0,18.4,56,115,,-0.1,0.0,-0.1,-0.248
Cheyenne Parker,ATL,F,25,492,25,492,15.3,.530,.452,.075,.374,7.0,14.0,14.5,2.2,1.7,19.3,24.8,96,100,,0.0,0.8,0.9,.072
Alissa Pili,MIN,F,22,138,22,138,4.8,.532,.522,.600,.244,5.3,11.4,6.0,1.9,1.3,27.6,23.0,78,97,,-0.4,0.3,-0.1,-0.027
Kelsey Plum,LVA,G,38,1291,38,1291,15.2,.563,.523,.545,.217,0.9,4.4,20.9,1.0,0.1,13.4,24.8,104,107,,2.1,1.0,3.1,.095
Aerial Powers,ATL,G,17,304,17,304,14.3,.465,.406,.261,.312,5.5,10.5,15.0,2.7,1.2,10.3,26.0,96,101,,0.0,0.5,0.5,.068
Angel Reese,CHI,F,34,1104,34,1104,17.6,.464,.395,.038,.425,16.9,23.0,9.6,2.0,1.3,13.1,22.7,101,102,,1.1,1.6,2.7,.098
DiDi Richards,WAS,G-F,19,198,19,198,6.9,.417,.408,.082,.286,5.9,8.8,10.6,0.5,1.9,11.3,14.2,90,108,,-0.1,0.1,0.0,.003
Mercedes Russell,SEA,C,37,581,37,581,10.9,.539,.517,.000,.275,5.0,10.8,7.5,1.9,1.3,16.2,12.1,102,100,,0.3,1.0,1.4,.093
Nyara Sabally,NYL,C,26,352,26,352,21.0,.612,.575,.023,.460,11.5,17.2,6.8,3.3,4.6,11.1,15.0,123,91,,1.1,1.1,2.2,.250
Satou Sabally,DAL,F,15,512,15,512,19.5,.563,.517,.402,.325,4.1,11.2,24.0,1.9,1.3,13.4,23.1,113,113,,1.6,-0.1,1.4,.113
Karlie Samuelson,WAS,G,29,711,29,711,13.0,.578,.536,.637,.202,2.5,6.2,14.3,1.9,0.1,10.6,15.0,113,106,,1.4,0.6,2.0,.112
Katie Lou Samuelson,IND,F,37,672,37,672,8.8,.506,.462,.685,.171,3.0,7.4,10.8,0.9,1.2,10.3,11.6,109,113,,0.8,-0.1,0.7,.043
Victaria Saxton,IND,F,9,23,9,23,0.1,.405,.389,.444,.222,0.0,7.6,0.0,0.0,0.0,9.2,21.0,76,114,,-0.1,0.0,-0.1,-0.124
Jacy Sheldon,DAL,G,40,931,40,931,6.8,.489,.457,.462,.129,3.4,5.2,15.3,1.2,1.1,22.1,13.1,95,118,,0.0,-0.8,-0.9,-0.038
Jaylyn Sherrod,NYL,G,10,37,10,37,21.8,.571,.571,.429,.429,6.4,4.7,23.3,4.2,2.3,10.7,22.7,115,97,,0.1,0.1,0.2,.223
Maddy Siegrist,DAL,F,27,644,27,644,15.2,.557,.529,.176,.205,7.8,8.3,6.8,0.8,1.3,6.1,16.3,118,118,,1.7,-0.6,1.1,.068
Alanna Smith,MIN,F,39,1035,39,1035,18.1,.575,.546,.378,.231,7.1,12.3,19.8,2.6,4.8,18.1,18.7,108,93,,1.8,2.9,4.7,.183
NaLyssa Smith,IND,F,40,993,40,993,16.0,.520,.500,.137,.363,8.6,16.8,6.8,1.5,3.5,11.4,20.5,103,106,,1.2,0.9,2.0,.081
Stephanie Soares,DAL,C,22,175,22,175,5.7,.344,.324,.353,.059,12.0,16.0,7.9,0.6,3.9,25.6,11.5,80,114,,-0.3,-0.1,-0.3,-0.072
Taylor Soule,MIN,F,2,3,2,3,-14.3,,,,,0.0,19.4,0.0,0.0,0.0,100.0,15.4,0,95,,0.0,0.0,0.0,-0.392
Azura Stevens,LAS,F-C,20,493,20,493,14.1,.506,.478,.449,.152,4.9,17.1,13.9,1.7,3.2,15.9,20.4,93,104,,-0.1,0.6,0.5,.037
Breanna Stewart,NYL,F,38,1243,38,1243,26.4,.569,.498,.270,.412,5.8,15.0,19.4,2.6,3.3,8.7,27.1,117,94,,5.4,3.4,8.7,.281
Kiah Stokes,LVA,C,39,717,39,717,7.3,.417,.395,.645,.145,3.8,14.8,5.3,1.5,3.9,18.5,5.2,95,98,,0.0,1.5,1.5,.081
Brittney Sykes,WAS,G,18,421,18,421,15.0,.490,.445,.295,.280,3.1,10.4,24.7,1.9,1.6,15.1,28.5,93,103,,-0.2,0.6,0.3,.032
Stephanie Talbot,LAS,F,37,600,37,600,10.1,.479,.448,.403,.234,4.2,10.1,20.5,1.6,2.5,21.3,12.9,95,108,,0.0,0.4,0.4,.025
Diana Taurasi,PHO,G,36,1044,36,1044,16.0,.554,.500,.600,.293,1.5,7.6,20.9,1.1,0.9,12.3,24.3,106,111,,2.0,0.1,2.1,.081
Alyssa Thomas,CON,F,40,1297,40,1297,19.7,.543,.509,.012,.445,9.2,16.0,40.8,2.5,1.3,27.1,19.0,105,94,,2.2,3.4,5.5,.170
Kayla Thornton,NYL,F,40,810,40,810,9.8,.515,.490,.621,.128,5.7,7.3,4.9,1.8,0.9,9.7,13.2,105,101,,0.8,1.3,2.0,.101
Brianna Turner,CHI,F,27,253,27,253,9.0,.614,.615,.000,.077,4.7,11.9,5.8,1.8,4.5,30.9,6.7,96,103,,0.0,0.3,0.4,.058
Sevgi Uzun,DAL,G,40,820,40,820,6.3,.418,.392,.422,.116,1.3,4.7,20.7,2.3,1.2,25.9,14.8,83,115,,-1.2,-0.4,-1.6,-0.080
Courtney Vandersloot,NYL,G,31,692,31,692,13.2,.503,.495,.368,.170,2.2,6.8,33.0,1.9,1.9,22.3,16.4,103,100,,0.7,1.2,1.9,.111
Julie Vanloo,WAS,G,40,927,40,927,6.6,.470,.464,.725,.049,0.6,4.2,30.8,1.0,0.1,24.6,20.3,86,108,,-1.4,0.5,-0.9,-0.040
Victoria Vivians,SEA,G-F,35,447,35,447,7.2,.433,.423,.561,.073,4.8,8.8,9.5,1.5,1.4,13.6,14.4,89,102,,-0.3,0.6,0.3,.031
Shatori Walker-Kimbrough,WAS,G,40,882,40,882,11.8,.529,.484,.419,.265,1.7,4.7,14.1,2.4,1.9,16.0,17.3,97,104,,0.3,1.0,1.2,.056
Kristy Wallace,IND,G,26,446,26,446,11.0,.492,.474,.496,.154,2.9,6.3,15.0,2.0,1.2,12.0,14.1,104,111,,0.4,0.1,0.5,.044
Erica Wheeler,IND,G,39,546,39,546,8.5,.484,.465,.369,.092,1.5,5.7,18.8,1.6,0.7,19.3,14.8,96,112,,0.0,0.0,0.0,.000
Sami Whitcomb,SEA,G,40,611,40,611,10.0,.470,.459,.774,.053,2.8,6.9,16.3,2.5,1.3,15.8,18.2,91,101,,-0.4,1.0,0.7,.044
Courtney Williams,MIN,G,40,1061,40,1061,15.1,.487,.469,.158,.096,1.6,10.2,37.0,1.7,1.3,17.7,24.1,97,97,,0.3,2.4,2.7,.101
Elizabeth Williams,CHI,C-F,9,249,9,249,18.6,.520,.487,.000,.316,10.9,14.4,9.5,3.1,5.3,14.8,17.9,103,100,,0.3,0.4,0.7,.117
Gabby Williams,SEA,F,12,348,12,348,16.2,.552,.529,.298,.183,2.9,7.9,20.1,2.9,0.7,13.1,16.3,109,99,,0.6,0.6,1.2,.142
Kiana Williams,SEA,G,13,45,13,45,1.2,.344,.344,.563,.000,0.0,2.5,16.3,0.0,0.0,11.1,17.6,76,109,,-0.1,0.0,-0.1,-0.081
A'ja Wilson,LVA,C,38,1308,38,1308,34.9,.591,.531,.081,.370,7.2,19.9,14.1,2.6,6.3,5.3,32.2,119,92,,7.0,3.8,10.9,.332
Jackie Young,LVA,G,37,1205,37,1205,18.1,.557,.505,.445,.274,2.6,7.7,27.1,1.5,0.6,13.0,23.0,110,104,,3.1,1.4,4.5,.150
Li Yueru,LAS,C,38,546,38,546,13.1,.558,.476,.102,.401,12.1,15.4,7.0,1.1,1.4,16.0,16.8,108,109,,0.9,0.2,1.1,.083
Cecilia Zandalasini,MIN,F,40,486,40,486,11.3,.569,.557,.473,.196,1.2,5.5,14.5,1.6,1.6,16.2,18.2,100,100,,0.3,0.9,1.2,.096
Rachel Banham,TOT,G,37,586,37,586,9.7,.498,.480,.703,.099,1.4,5.4,11.1,1.2,1.1,8.7,17.7,101,105,,0.4,0.6,1.0,.070
Morgan Bertsch,TOT,F,11,100,11,100,-3.9,.320,.233,.500,.333,9.6,9.9,3.1,0.5,0.9,27.4,21.5,60,115,,-0.6,0.0,-0.6,-0.250
Monique Billings,TOT,F,37,844,37,844,12.5,.524,.472,.061,.309,9.0,14.9,9.8,1.6,2.0,19.9,16.9,99,111,,0.4,0.1,0.5,.024
Crystal Dangerfield,TOT,G,33,441,33,441,6.0,.383,.347,.473,.130,0.5,4.5,23.0,1.3,1.2,15.8,16.7,83,109,,-0.7,0.2,-0.5,-0.048
Queen Egbo,TOT,F-C,8,29,8,29,20.2,.466,.417,.000,.167,12.5,20.4,0.0,5.2,2.9,0.0,20.4,100,90,,0.0,0.1,0.1,.154
Myisha Hines-Allen,TOT,F,40,747,40,747,17.3,.573,.529,.205,.270,6.7,14.9,24.1,1.8,0.5,17.0,20.1,109,100,,1.6,1.3,2.9,.154
Moriah Jefferson,TOT,G,23,185,23,185,5.7,.334,.262,.452,.238,1.8,2.8,23.2,2.3,0.0,14.7,13.1,85,106,,-0.2,0.2,0.0,-0.006
Sika Koné,TOT,F,27,217,27,217,15.7,.536,.452,.083,.429,7.7,15.1,10.1,1.4,0.9,12.3,23.9,104,102,,0.3,0.3,0.7,.120
Marina Mabrey,TOT,G,40,1235,40,1235,15.2,.524,.508,.500,.133,2.0,8.2,23.3,1.9,1.3,14.6,23.2,100,103,,1.0,1.6,2.6,.085
Odyssey Sims,TOT,G,24,700,24,700,17.2,.560,.525,.240,.260,2.9,4.4,31.9,2.0,0.6,16.2,20.2,109,113,,1.5,-0.2,1.4,.078
Sug Sutton,TOT,G,29,379,29,379,5.4,.395,.367,.519,.165,1.9,4.3,24.8,2.2,0.2,28.6,14.4,80,111,,-0.7,0.1,-0.6,-0.064
Celeste Taylor,TOT,G,22,327,22,327,6.0,.415,.387,.484,.290,2.2,5.0,12.9,2.3,2.8,23.9,12.9,78,109,,-0.6,0.2,-0.4,-0.049
Rachel Banham,CON,G,21,270,21,270,9.5,.503,.479,.695,.105,1.4,5.7,8.6,1.6,1.8,10.0,18.9,97,99,,0.1,0.5,0.6,.086
Morgan Bertsch,PHO,F,8,78,8,78,-1.9,.344,.259,.519,.296,10.8,8.9,4.0,0.0,1.2,22.8,23.3,68,115,,-0.4,0.0,-0.4,-0.219
Monique Billings,DAL,F,24,609,24,609,12.7,.526,.477,.040,.288,8.6,15.6,11.7,1.2,1.8,20.4,17.7,99,113,,0.3,-0.1,0.2,.011
Crystal Dangerfield,ATL,G,15,211,15,211,6.2,.391,.324,.426,.204,0.5,4.3,20.0,1.0,1.3,13.3,14.5,88,107,,-0.2,0.1,0.0,-0.005
Queen Egbo,CON,F-C,3,7,3,7,-11.5,.170,.000,.000,.400,17.4,17.6,0.0,0.0,0.0,0.0,38.8,53,102,,-0.1,0.0,-0.1,-0.385
Myisha Hines-Allen,WAS,F,27,517,27,517,16.6,.562,.528,.222,.199,6.1,15.3,25.5,1.5,0.4,16.9,20.2,107,103,,0.9,0.7,1.6,.125
Moriah Jefferson,CON,G,9,61,9,61,13.3,.535,.469,.563,.250,0.0,2.0,15.7,5.2,0.0,10.1,15.0,110,94,,0.1,0.2,0.3,.172
Sika Koné,MIN,F,17,57,17,57,10.8,.501,.412,.000,.529,14.9,12.2,2.8,1.8,0.0,19.3,21.0,95,101,,0.0,0.1,0.1,.069
Marina Mabrey,CHI,G,24,796,24,796,12.7,.489,.467,.495,.146,2.3,8.4,23.3,1.9,0.8,16.3,22.6,95,106,,0.0,0.6,0.6,.032
Odyssey Sims,DAL,G,9,305,9,305,22.7,.618,.605,.281,.228,4.2,5.1,28.1,2.5,1.1,11.3,19.9,124,115,,1.3,-0.2,1.2,.151
Sug Sutton,PHO,G,22,328,22,328,5.7,.405,.375,.514,.181,2.2,4.2,24.2,2.2,0.3,27.2,14.9,82,111,,-0.5,0.0,-0.5,-0.064
Celeste Taylor,IND,G,5,16,5,16,8.3,.798,1.000,.000,2.000,0.0,3.7,8.7,0.0,5.6,34.7,8.0,105,113,,0.0,0.0,0.0,.018
Queen Egbo,LAS,F-C,2,4,2,4,47.7,1.000,1.000,.000,.000,30.0,45.1,0.0,12.6,0.0,0.0,11.2,208,74,,0.0,0.0,0.1,.548
Queen Egbo,LVA,F-C,3,18,3,18,26.5,.667,.667,.000,.000,6.6,16.0,0.0,5.6,4.7,0.0,15.4,131,89,,0.1,0.1,0.1,.277
Morgan Bertsch,DAL,F,3,22,3,22,-11.1,.129,.000,.333,.667,5.3,13.5,0.0,2.3,0.0,50.8,15.4,21,112,,-0.2,0.0,-0.2,-0.359
Moriah Jefferson,CHI,G,14,124,14,124,1.9,.209,.135,.385,.231,2.6,3.2,26.9,0.8,0.0,17.3,12.3,72,112,,-0.3,0.0,-0.3,-0.094
Odyssey Sims,LAS,G,15,395,15,395,13.0,.509,.453,.203,.289,1.8,3.8,34.9,1.7,0.2,20.0,20.4,98,112,,0.2,0.0,0.2,.021
Celeste Taylor,CON,G,2,11,2,11,0.9,1.000,1.000,.000,.000,0.0,0.0,0.0,0.0,0.0,0.0,4.2,200,106,,0.0,0.0,0.0,.121
Celeste Taylor,PHO,G,15,300,15,300,6.0,.395,.367,.500,.267,2.4,5.2,13.6,2.6,2.7,23.9,13.5,77,108,,-0.6,0.1,-0.4,-0.059
Crystal Dangerfield,LAS,G,18,230,18,230,5.8,.377,.364,.506,.078,0.5,4.7,25.9,1.5,1.1,17.6,18.7,79,111,,-0.5,0.0,-0.5,-0.087
Sika Koné,WAS,F,10,160,10,160,17.5,.545,.463,.104,.403,5.1,16.1,12.7,1.3,1.2,10.2,24.9,106,102,,0.3,0.2,0.6,.138
Rachel Banham,CHI,G,16,316,16,316,9.8,.494,.481,.710,.093,1.4,5.0,13.2,1.0,0.6,7.5,16.7,105,110,,0.4,0.1,0.4,.057
Sug Sutton,WAS,G,7,51,7,51,3.8,.286,.286,.571,.000,0.0,4.7,28.8,2.0,0.0,41.7,10.7,70,106,,-0.1,0.0,-0.1,-0.066
Monique Billings,PHO,F,13,235,13,235,11.8,.518,.453,.132,.377,10.2,13.3,4.8,2.6,2.3,18.5,14.8,99,105,,0.1,0.2,0.3,.056
Marina Mabrey,CON,G,16,439,16,439,19.9,.584,.574,.508,.113,1.4,7.9,23.2,1.9,2.2,11.7,24.4,109,97,,1.0,1.0,2.0,.182
Myisha Hines-Allen,MIN,F,13,230,13,230,18.6,.600,.529,.162,.456,7.9,13.9,21.1,2.5,0.8,17.2,19.8,115,95,,0.7,0.6,1.3,.219